timestamp_ms,found,x,y
1777283591962,0,0,0
1777283591993,0,0,0
1777283592028,1,128,136
1777283592060,1,130,137
1777283592092,1,131,138
1777283592128,1,132,140
1777283592160,1,134,141
1777283592193,1,136,142
1777283592227,1,137,144
1777283592262,1,139,145
1777283592292,1,140,146
1777283592327,1,141,146
1777283592361,1,142,147
1777283592392,1,142,147
1777283592427,1,142,147
1777283592460,1,142,146
1777283592492,1,142,146
1777283592527,1,142,145
1777283592560,1,142,144
1777283592592,1,141,143
1777283592627,1,140,142
1777283592660,1,139,140
1777283592692,1,138,138
1777283592727,1,137,137
1777283592761,1,136,135
1777283592792,1,134,132
1777283592827,1,133,131
1777283592861,1,132,130
1777283592892,1,129,126
1777283592927,1,129,126
1777283592961,1,127,123
1777283592992,1,125,121
1777283593027,1,124,120
1777283593060,1,122,118
1777283593092,1,121,116
1777283593127,1,119,114
1777283593161,1,118,113
1777283593192,1,115,110
1777283593227,1,115,109
1777283593250,1,113,108
1777283593284,1,112,107
1777283593316,1,110,105
1777283593344,1,109,104
1777283593376,1,108,103
1777283593409,1,107,102
1777283593444,1,106,102
1777283593476,1,105,101
1777283593509,1,104,100
1777283593544,1,103,100
1777283593576,1,102,99
1777283593609,1,102,99
1777283593644,1,101,99
1777283593676,1,100,99
1777283593709,1,100,99
1777283593744,1,100,99
1777283593776,1,100,99
1777283593809,1,100,99
1777283593843,1,100,100
1777283593876,1,99,100
1777283593909,1,99,100
1777283593944,1,100,101
1777283593976,1,100,101
1777283594009,1,100,102
1777283594044,1,100,102
1777283594076,1,100,103
1777283594109,1,101,104
1777283594144,1,101,104
1777283594176,1,102,105
1777283594209,1,102,106
1777283594244,1,102,106
1777283594266,1,103,107
1777283594296,1,104,108
1777283594328,1,104,108
1777283594360,1,104,108
1777283594392,1,105,109
1777283594427,1,106,110
1777283594461,1,106,110
1777283594492,1,107,111
1777283594527,1,107,111
1777283594561,1,108,111
1777283594592,1,108,112
1777283594627,1,108,112
1777283594661,1,108,112
1777283594692,1,109,113
1777283594727,1,109,113
1777283594761,1,109,113
1777283594792,1,109,113
1777283594827,1,109,113
1777283594859,1,109,113
1777283594892,1,109,113
1777283594927,1,109,113
1777283594960,1,109,113
1777283594992,1,108,112
1777283595027,1,108,112
1777283595061,1,108,112
1777283595092,1,107,111
1777283595127,1,107,111
1777283595161,1,107,111
1777283595192,1,106,111
1777283595227,1,106,111
1777283595260,1,105,110
1777283595292,1,105,110
1777283595328,1,104,109
1777283595360,1,103,109
1777283595392,1,103,109
1777283595427,1,102,108
1777283595461,1,101,108
1777283595492,1,100,107
1777283595527,1,100,107
1777283595560,1,99,107
1777283595592,1,99,106
1777283595627,1,98,106
1777283595661,1,98,106
1777283595692,1,97,105
1777283595727,1,97,105
1777283595759,1,96,104
1777283595794,1,96,104
1777283595828,1,95,104
1777283595860,1,95,104
1777283595892,1,95,103
1777283595927,1,95,104
1777283595961,1,94,103
1777283595992,1,94,103
1777283596027,1,94,103
1777283596061,1,95,103
1777283596092,1,95,103
1777283596127,1,95,103
1777283596160,1,95,103
1777283596192,1,95,103
1777283596227,1,95,104
1777283596261,1,95,104
1777283596292,1,95,104
1777283596327,1,96,105
1777283596361,1,96,105
1777283596392,1,97,105
1777283596427,1,97,105
1777283596461,1,97,105
1777283596492,1,98,106
1777283596527,1,98,106
1777283596561,1,99,106
1777283596592,1,99,107
1777283596627,1,100,107
1777283596661,1,100,107
1777283596692,1,101,107
1777283596727,1,101,107
1777283596761,1,101,107
1777283596792,1,102,107
1777283596827,1,103,108
1777283596860,1,103,108
1777283596892,1,103,108
1777283596927,1,103,108
1777283596961,1,104,108
1777283596992,1,104,108
1777283597027,1,104,108
1777283597059,1,104,108
1777283597092,1,104,108
1777283597127,1,104,108
1777283597161,1,104,108
1777283597192,1,104,108
1777283597227,1,104,108
1777283597261,1,104,108
1777283597292,1,104,108
1777283597327,1,104,108
1777283597361,1,104,108
1777283597392,1,104,108
1777283597427,1,104,108
1777283597461,1,104,108
1777283597492,1,104,108
1777283597527,1,104,108
1777283597562,1,104,107
1777283597592,1,104,107
1777283597627,1,104,107
1777283597660,1,104,107
1777283597692,1,104,107
1777283597727,1,104,107
1777283597760,1,104,107
1777283597792,1,104,107
1777283597827,1,104,107
1777283597859,1,104,107
1777283597892,1,104,107
1777283597927,1,104,107
1777283597961,1,104,107
1777283597992,1,104,107
1777283598027,1,104,107
1777283598061,1,104,107
1777283598092,1,104,107
1777283598127,1,104,107
1777283598161,1,104,107
1777283598192,1,104,107
1777283598227,1,104,107
1777283598261,1,104,107
1777283598292,1,104,107
1777283598327,1,104,107
1777283598361,1,104,107
1777283598392,1,104,107
1777283598427,1,104,107
1777283598461,1,104,107
1777283598492,1,104,107
1777283598527,1,104,107
1777283598561,1,104,107
1777283598592,1,104,107
1777283598627,1,104,107
1777283598661,1,104,107
1777283598692,1,104,107
1777283598727,1,104,107
1777283598761,1,104,107
1777283598792,1,104,107
1777283598827,1,104,107
1777283598861,1,104,107
1777283598892,1,104,107
1777283598927,1,104,107
1777283598960,1,104,107
1777283598992,1,104,107
1777283599027,1,104,107
1777283599059,1,104,107
1777283599092,1,104,107
1777283599127,1,104,107
1777283599161,1,104,107
1777283599192,1,104,107
1777283599227,1,104,107
1777283599259,1,104,107
1777283599292,1,104,107
1777283599327,1,104,107
1777283599360,1,104,107
1777283599392,1,104,107
1777283599427,1,104,107
1777283599461,1,104,107
1777283599492,1,104,107
1777283599529,1,104,107
1777283599565,1,104,107
1777283599596,1,104,107
1777283599628,1,104,107
1777283599659,1,104,107
1777283599692,1,104,107
1777283599727,1,104,107
1777283599760,1,104,107
1777283599792,1,104,107
1777283599827,1,104,107
1777283599860,1,104,107
1777283599892,1,104,107
1777283599927,1,104,107
1777283599961,1,104,107
1777283599992,1,104,107
1777283600027,1,104,107
1777283600061,1,104,107
1777283600092,1,104,107
1777283600127,1,104,107
1777283600160,1,104,107
1777283600192,1,104,107
1777283600227,1,104,107
1777283600261,1,104,107
1777283600292,1,104,107
1777283600327,1,104,107
1777283600361,1,104,107
1777283600392,1,104,107
1777283600427,1,104,107
1777283600459,1,104,107
1777283600492,1,104,107
1777283600527,1,104,107
1777283600561,1,104,107
1777283600592,1,104,107
1777283600632,1,104,107
1777283600665,1,104,107
1777283600696,1,104,107
1777283600727,1,104,107
1777283600760,1,104,107
1777283600792,1,104,107
1777283600827,1,104,107
1777283600861,1,104,107
1777283600892,1,104,107
1777283600927,1,104,107
1777283600959,1,104,107
1777283600992,1,104,107
1777283601027,1,104,107
1777283601061,1,104,107
1777283601092,1,104,107
1777283601127,1,104,107
1777283601161,1,104,107
1777283601192,1,104,107
1777283601227,1,104,107
1777283601261,1,104,107
1777283601292,1,104,107
1777283601329,1,104,107
1777283601359,1,104,108
1777283601392,1,104,107
1777283601427,1,104,107
1777283601465,1,104,107
1777283601500,1,104,107
1777283601527,1,104,107
1777283601560,1,104,107
1777283601592,1,104,107
1777283601627,1,104,107
1777283601660,1,104,107
1777283601692,1,104,107
1777283601728,1,104,107
1777283601759,1,104,107
1777283601792,1,104,107
1777283601827,1,104,107
1777283601860,1,104,107
1777283601892,1,104,107
1777283601927,1,104,107
1777283601960,1,104,107
1777283601992,1,104,107
1777283602027,1,104,107
1777283602060,1,104,108
1777283602092,1,104,107
1777283602127,1,104,107
1777283602149,1,104,107
1777283602180,1,104,107
1777283602212,1,104,107
1777283602244,1,104,107
1777283602276,1,104,108
1777283602309,1,104,107
1777283602344,1,104,108
1777283602376,1,104,108
1777283602409,1,104,108
1777283602444,1,104,107
1777283602476,1,104,107
1777283602509,1,104,107
1777283602544,1,104,108
1777283602576,1,104,107
1777283602609,1,104,107
1777283602643,1,104,108
1777283602676,1,104,108
1777283602709,1,104,108
1777283602744,1,104,108
1777283602776,1,104,108
1777283602809,1,104,108
1777283602843,1,104,107
1777283602876,1,104,108
1777283602909,1,104,108
1777283602944,1,104,108
1777283602976,1,104,108
1777283603009,1,104,107
1777283603044,1,104,108
1777283603076,1,104,108
1777283603109,1,104,108
1777283603144,1,104,108
1777283603176,1,104,108
1777283603209,1,104,108
1777283603242,1,104,108
1777283603278,1,104,108
1777283603309,1,104,108
1777283603344,1,104,108
1777283603376,1,104,108
1777283603409,1,104,108
1777283603442,1,104,108
1777283603472,1,104,108
1777283603509,1,104,108
1777283603542,1,104,108
1777283603578,1,104,108
1777283603609,1,104,108
1777283603643,1,104,108
1777283603676,1,104,108
1777283603709,1,104,108
1777283603744,1,104,108
1777283603776,1,104,108
1777283603809,1,104,108
1777283603844,1,104,108
1777283603878,1,104,108
1777283603909,1,104,108
1777283603944,1,104,108
1777283603976,1,104,108
1777283604009,1,104,108
1777283604044,1,104,108
1777283604076,1,104,108
1777283604109,1,104,108
1777283604142,1,104,108
1777283604178,1,104,108
1777283604209,1,104,108
1777283604244,1,104,108
1777283604276,1,104,108
1777283604309,1,104,108
1777283604343,1,104,108
1777283604378,1,104,108
1777283604409,1,104,108
1777283604442,1,104,108
1777283604478,1,104,108
1777283604509,1,104,108
1777283604544,1,104,108
1777283604576,1,104,108
1777283604609,1,104,107
1777283604644,1,104,108
1777283604676,1,104,108
1777283604709,1,104,107
1777283604744,1,104,108
1777283604776,1,104,107
1777283604809,1,104,108
1777283604844,1,104,107
1777283604876,1,104,108
1777283604909,1,104,108
1777283604944,1,104,108
1777283604976,1,104,108
1777283605010,1,104,108
1777283605045,1,104,108
1777283605076,1,104,108
1777283605109,1,104,108
1777283605144,1,103,108
1777283605176,1,103,108
1777283605209,1,103,108
1777283605243,1,103,109
1777283605276,1,103,109
1777283605309,1,103,109
1777283605344,1,103,110
1777283605376,1,103,111
1777283605410,1,103,111
1777283605444,1,102,111
1777283605478,1,102,112
1777283605509,1,102,112
1777283605542,1,102,113
1777283605578,1,102,113
1777283605609,1,102,114
1777283605644,1,102,115
1777283605676,1,102,116
1777283605709,1,102,116
1777283605744,1,102,117
1777283605778,1,101,117
1777283605809,1,101,118
1777283605844,1,102,118
1777283605876,1,102,119
1777283605909,1,102,120
1777283605944,1,102,120
1777283605966,1,102,121
1777283606000,1,102,121
1777283606027,1,102,121
1777283606060,1,102,122
1777283606092,1,102,122
1777283606127,1,102,122
1777283606160,1,102,123
1777283606192,1,102,123
1777283606227,1,103,123
1777283606260,1,103,123
1777283606295,1,103,123
1777283606327,1,103,123
1777283606359,1,103,123
1777283606392,1,104,123
1777283606427,1,104,123
1777283606461,1,104,123
1777283606492,1,104,123
1777283606527,1,104,123
1777283606561,1,104,123
1777283606592,1,104,123
1777283606627,1,104,123
1777283606661,1,104,123
1777283606692,1,104,123
1777283606727,1,104,123
1777283606761,1,104,123
1777283606792,1,104,123
1777283606827,1,104,123
1777283606859,1,104,123
1777283606892,1,104,123
1777283606927,1,104,123
1777283606959,1,104,123
1777283606992,1,104,123
1777283607029,1,104,123
1777283607059,1,104,123
1777283607092,1,104,123
1777283607127,1,104,123
1777283607161,1,104,123
1777283607196,1,104,123
1777283607228,1,104,123
1777283607260,1,104,123
1777283607292,1,104,123
1777283607327,1,104,123
1777283607359,1,104,123
1777283607392,1,104,123
1777283607427,1,104,123
1777283607461,1,104,123
1777283607492,1,104,123
1777283607527,1,104,123
1777283607559,1,104,123
1777283607592,1,104,123
1777283607627,1,104,123
1777283607661,1,104,123
1777283607692,1,104,123
1777283607727,1,104,123
1777283607759,1,104,123
1777283607788,1,104,123
1777283607827,1,104,123
1777283607875,1,104,123
1777283607909,1,104,123
1777283607944,1,104,122
1777283607976,1,104,122
1777283608009,1,104,123
1777283608043,1,104,123
1777283608076,1,104,122
1777283608109,1,104,122
1777283608144,1,104,122
1777283608176,1,104,123
1777283608209,1,104,122
1777283608244,1,104,122
1777283608276,1,104,122
1777283608309,1,104,122
1777283608344,1,104,122
1777283608376,1,104,122
1777283608409,1,104,122
1777283608442,1,104,122
1777283608475,1,104,122
1777283608509,1,104,122
1777283608544,1,104,122
1777283608576,1,104,122
1777283608609,1,104,122
1777283608644,1,104,122
1777283608676,1,104,122
1777283608709,1,104,122
1777283608742,1,104,122
1777283608772,1,104,122
1777283608809,1,104,122
1777283608843,1,104,122
1777283608876,1,104,122
1777283608909,1,104,122
1777283608944,1,104,122
1777283608976,1,104,122
1777283609009,1,104,122
1777283609044,1,104,122
1777283609076,1,104,122
1777283609109,1,104,122
1777283609144,1,104,122
1777283609176,1,104,122
1777283609209,1,104,122
1777283609243,1,104,122
1777283609276,1,104,122
1777283609309,1,104,122
1777283609344,1,104,122
1777283609376,1,104,122
1777283609409,1,104,122
1777283609444,1,104,122
1777283609476,1,104,122
1777283609509,1,104,122
1777283609544,1,104,122
1777283609576,1,104,122
1777283609609,1,104,122
1777283609642,1,104,122
1777283609675,1,104,122
1777283609709,1,104,122
1777283609744,1,104,122
1777283609775,1,104,122
1777283609809,1,104,122
1777283609842,1,104,122
1777283609875,1,104,122
1777283609909,1,104,122
1777283609944,1,104,122
1777283609976,1,104,122
1777283610009,1,104,122
1777283610042,1,104,122
1777283610075,1,104,122
1777283610109,1,104,122
1777283610144,1,104,122
1777283610176,1,104,122
1777283610209,1,104,122
1777283610244,1,104,122
1777283610276,1,104,122
1777283610309,1,104,122
1777283610342,1,104,122
1777283610375,1,104,122
1777283610409,1,104,122
1777283610444,1,104,122
1777283610476,1,104,122
1777283610509,1,104,122
1777283610544,1,104,122
1777283610576,1,104,122
1777283610610,1,104,122
1777283610661,1,104,122
1777283610692,1,104,122
1777283610727,1,104,122
1777283610761,1,104,122
1777283610792,1,104,122
1777283610827,1,104,122
1777283610861,1,104,122
1777283610892,1,104,122
1777283610927,1,104,122
1777283610961,1,104,122
1777283610992,1,104,122
1777283611027,1,104,122
1777283611060,1,104,122
1777283611092,1,104,122
1777283611127,1,104,122
1777283611160,1,104,122
1777283611192,1,104,122
1777283611227,1,104,122
1777283611262,1,104,122
1777283611292,1,104,122
1777283611327,1,104,122
1777283611361,1,104,122
1777283611392,1,104,122
1777283611427,1,104,122
1777283611461,1,104,122
1777283611492,1,104,122
1777283611527,1,104,122
1777283611560,1,104,122
1777283611592,1,104,122
1777283611627,1,104,122
1777283611661,1,104,122
1777283611692,1,104,122
1777283611727,1,104,122
1777283611761,1,104,122
1777283611792,1,104,122
1777283611827,1,104,122
1777283611861,1,104,122
1777283611892,1,104,122
1777283611927,1,104,122
1777283611965,1,104,122
1777283612000,1,104,122
1777283612028,1,104,122
1777283612059,1,104,122
1777283612092,1,104,122
1777283612127,1,104,122
1777283612160,1,104,122
1777283612192,1,104,122
1777283612227,1,104,122
1777283612260,1,104,122
1777283612292,1,104,122
1777283612327,1,104,122
1777283612360,1,104,122
1777283612392,1,104,122
1777283612427,1,104,122
1777283612459,1,104,122
1777283612492,1,104,122
1777283612527,1,104,121
1777283612560,1,105,121
1777283612592,1,105,120
1777283612627,1,105,119
1777283612660,1,106,117
1777283612692,1,106,117
1777283612727,1,106,115
1777283612760,1,107,112
1777283612792,1,107,112
1777283612827,1,108,109
1777283612860,1,108,106
1777283612892,1,109,105
1777283612927,1,109,102
1777283612960,1,110,97
1777283612992,1,110,96
1777283613027,1,110,92
1777283613060,1,111,89
1777283613092,1,111,86
1777283613127,1,112,82
1777283613160,1,112,77
1777283613192,1,112,75
1777283613227,1,113,71
1777283613260,1,113,66
1777283613292,1,113,64
1777283613327,1,114,60
1777283613360,1,114,55
1777283613392,1,114,54
1777283613427,1,114,51
1777283613460,1,114,46
1777283613492,1,114,45
1777283613527,1,114,43
1777283613560,1,114,39
1777283613592,1,114,38
1777283613627,1,114,37
1777283613660,1,113,35
1777283613692,1,113,34
1777283613727,1,112,33
1777283613749,1,111,32
1777283613777,1,111,32
1777283613809,1,111,32
1777283613843,1,111,32
1777283613878,1,110,32
1777283613909,1,109,33
1777283613944,1,109,33
1777283613966,1,108,34
1777283613997,1,108,35
1777283614027,1,107,35
1777283614060,1,107,37
1777283614092,1,106,37
1777283614127,1,106,38
1777283614160,1,105,40
1777283614192,1,105,41
1777283614227,1,104,42
1777283614260,1,104,44
1777283614292,1,103,44
1777283614327,1,103,46
1777283614360,1,103,48
1777283614392,1,102,48
1777283614427,1,102,49
1777283614460,1,102,51
1777283614492,1,102,51
1777283614527,1,102,52
1777283614560,1,102,53
1777283614592,1,102,54
1777283614627,1,102,54
1777283614660,1,102,55
1777283614692,1,103,56
1777283614727,1,103,56
1777283614760,1,103,57
1777283614792,1,103,57
1777283614827,1,103,57
1777283614859,1,104,58
1777283614892,1,104,58
1777283614927,1,104,58
1777283614959,1,104,58
1777283614992,1,104,58
1777283615027,1,104,58
1777283615060,1,104,58
1777283615092,1,104,58
1777283615127,1,104,58
1777283615160,1,105,58
1777283615192,1,105,58
1777283615227,1,105,58
1777283615261,1,105,58
1777283615292,1,105,58
1777283615327,1,105,58
1777283615361,1,105,58
1777283615392,1,105,58
1777283615427,1,105,58
1777283615459,1,105,58
1777283615492,1,105,58
1777283615527,1,105,58
1777283615561,1,105,58
1777283615592,1,105,58
1777283615627,1,105,58
1777283615662,1,105,58
1777283615692,1,105,58
1777283615727,1,105,58
1777283615764,1,105,58
1777283615792,1,105,58
1777283615827,1,105,58
1777283615861,1,105,58
1777283615892,1,105,58
1777283615927,1,105,58
1777283615959,1,105,58
1777283615992,1,105,58
1777283616027,1,105,58
1777283616061,1,105,58
1777283616092,1,105,58
1777283616127,1,105,58
1777283616161,1,104,58
1777283616192,1,104,58
1777283616227,1,105,59
1777283616260,1,105,59
1777283616292,1,105,59
1777283616327,1,105,59
1777283616361,1,105,60
1777283616392,1,105,60
1777283616427,1,105,61
1777283616461,1,105,61
1777283616492,1,104,62
1777283616527,1,104,62
1777283616561,1,104,63
1777283616592,1,104,64
1777283616627,1,105,65
1777283616661,1,104,65
1777283616692,1,104,67
1777283616727,1,104,67
1777283616761,1,104,68
1777283616792,1,104,69
1777283616827,1,104,70
1777283616861,1,104,71
1777283616892,1,104,73
1777283616927,1,104,73
1777283616961,1,103,74
1777283616992,1,103,76
1777283617027,1,103,76
1777283617061,1,104,78
1777283617092,1,103,79
1777283617127,1,103,80
1777283617161,1,103,81
1777283617192,1,103,82
1777283617227,1,103,83
1777283617261,1,103,84
1777283617292,1,103,86
1777283617327,1,103,86
1777283617361,1,103,87
1777283617392,1,103,89
1777283617427,1,103,89
1777283617461,1,103,90
1777283617492,1,103,91
1777283617527,1,103,92
1777283617561,1,103,93
1777283617592,1,103,94
1777283617627,1,103,94
1777283617661,1,103,95
1777283617692,1,103,96
1777283617727,1,103,97
1777283617761,1,103,98
1777283617792,1,103,99
1777283617827,1,103,99
1777283617861,1,103,100
1777283617892,1,103,101
1777283617927,1,103,101
1777283617961,1,103,102
1777283617992,1,103,103
1777283618027,1,102,103
1777283618061,1,102,104
1777283618092,1,102,105
1777283618127,1,102,105
1777283618161,1,103,106
1777283618192,1,103,107
1777283618230,1,103,107
1777283618265,1,103,108
1777283618296,1,103,109
1777283618328,1,103,110
1777283618360,1,103,110
1777283618392,1,103,111
1777283618427,1,103,111
1777283618461,1,103,112
1777283618492,1,103,113
1777283618527,1,103,114
1777283618561,1,103,114
1777283618592,1,103,116
1777283618627,1,103,116
1777283618661,1,102,117
1777283618692,1,102,118
1777283618727,1,102,119
1777283618760,1,102,120
1777283618792,1,102,120
1777283618827,1,102,121
1777283618861,1,102,122
1777283618892,1,102,124
1777283618927,1,102,124
1777283618961,1,102,125
1777283618992,1,102,127
1777283619027,1,102,127
1777283619061,1,102,128
1777283619092,1,101,129
1777283619127,1,102,130
1777283619161,1,101,130
1777283619192,1,101,131
1777283619227,1,101,132
1777283619261,1,101,133
1777283619292,1,101,133
1777283619327,1,101,134
1777283619361,1,101,134
1777283619392,1,101,135
1777283619427,1,101,135
1777283619461,1,101,136
1777283619492,1,101,136
1777283619527,1,101,136
1777283619561,1,101,136
1777283619592,1,101,136
1777283619627,1,101,136
1777283619661,1,101,136
1777283619692,1,102,136
1777283619727,1,102,135
1777283619759,1,102,135
1777283619788,1,102,135
1777283619816,1,103,135
1777283619850,1,102,134
1777283619876,1,103,134
1777283619909,1,103,134
1777283619944,1,103,133
1777283619976,1,103,133
1777283620009,1,104,133
1777283620044,1,104,132
1777283620076,1,105,132
1777283620109,1,105,131
1777283620144,1,105,131
1777283620177,1,106,130
1777283620209,1,106,130
1777283620242,1,106,130
1777283620275,1,107,129
1777283620309,1,107,129
1777283620344,1,108,129
1777283620376,1,108,128
1777283620409,1,108,128
1777283620444,1,109,128
1777283620476,1,109,127
1777283620509,1,109,127
1777283620544,1,109,126
1777283620576,1,109,126
1777283620609,1,109,126
1777283620644,1,110,126
1777283620680,1,109,125
1777283620712,1,109,125
1777283620743,1,109,125
1777283620776,1,109,125
1777283620809,1,109,125
1777283620844,1,108,125
1777283620876,1,108,125
1777283620909,1,108,125
1777283620944,1,107,125
1777283620976,1,107,125
1777283621009,1,107,125
1777283621044,1,107,125
1777283621076,1,106,125
1777283621109,1,106,125
1777283621144,1,106,125
1777283621176,1,105,125
1777283621209,1,105,125
1777283621244,1,105,125
1777283621276,1,104,125
1777283621309,1,104,125
1777283621344,1,104,125
1777283621376,1,104,125
1777283621409,1,104,125
1777283621444,1,104,125
1777283621476,1,104,125
1777283621509,1,104,125
1777283621543,1,104,125
1777283621576,1,104,125
1777283621609,1,104,125
1777283621644,1,104,125
1777283621676,1,104,125
1777283621709,1,104,125
1777283621742,1,104,125
1777283621775,1,104,125
1777283621809,1,104,125
1777283621844,1,104,125
1777283621876,1,104,125
1777283621909,1,104,125
1777283621944,1,104,125
1777283621976,1,105,125
1777283622009,1,105,125
1777283622044,1,105,125
1777283622076,1,105,125
1777283622110,1,106,125
1777283622144,1,106,125
1777283622176,1,106,125
1777283622209,1,106,124
1777283622249,1,106,124
1777283622283,1,106,124
1777283622316,1,106,124
1777283622344,1,107,124
1777283622380,1,107,124
1777283622412,1,107,124
1777283622444,1,107,124
1777283622476,1,107,124
1777283622509,1,107,124
1777283622543,1,107,124
1777283622576,1,108,124
1777283622609,1,108,124
1777283622644,1,108,124
1777283622676,1,108,124
1777283622709,1,108,124
1777283622744,1,108,124
1777283622776,1,108,124
1777283622809,1,108,124
1777283622844,1,107,124
1777283622876,1,108,124
1777283622909,1,108,124
1777283622943,1,108,124
1777283622976,1,108,124
1777283623009,1,108,124
1777283623044,1,107,123
1777283623076,1,108,124
1777283623109,1,108,124
1777283623144,1,108,124
1777283623176,1,108,124
1777283623209,1,107,123
1777283623244,1,108,124
1777283623276,1,107,123
1777283623309,1,107,123
1777283623343,1,107,123
1777283623376,1,108,124
1777283623409,1,108,124
1777283623442,1,108,124
1777283623475,1,108,124
1777283623509,1,108,124
1777283623544,1,108,124
1777283623576,1,108,124
1777283623609,1,107,123
1777283623642,1,107,123
1777283623675,1,107,123
1777283623709,1,107,123
1777283623744,1,107,123
1777283623776,1,107,123
1777283623809,1,107,123
1777283623844,1,107,123
1777283623876,1,107,123
1777283623909,1,107,123
1777283623943,1,107,123
1777283623976,1,107,123
1777283624009,1,107,123
1777283624044,1,107,123
1777283624076,1,107,123
1777283624109,1,107,123
1777283624144,1,107,123
1777283624176,1,107,123
1777283624209,1,107,123
1777283624244,1,107,123
1777283624276,1,107,123
1777283624309,1,107,123
1777283624344,1,107,123
1777283624376,1,107,123
1777283624409,1,107,123
1777283624444,1,107,123
1777283624476,1,107,123
1777283624509,1,107,123
1777283624544,1,107,123
1777283624576,1,107,123
1777283624609,1,107,123
1777283624644,1,107,123
1777283624676,1,107,123
1777283624709,1,107,123
1777283624744,1,107,123
1777283624780,1,107,123
1777283624816,1,107,123
1777283624849,1,107,123
1777283624880,1,107,123
1777283624912,1,107,123
1777283624944,1,107,123
1777283624976,1,107,123
1777283625009,1,107,123
1777283625044,1,107,123
1777283625076,1,107,123
1777283625109,1,107,123
1777283625142,1,107,123
1777283625175,1,107,123
1777283625209,1,107,123
1777283625244,1,107,123
1777283625276,1,107,123
1777283625309,1,107,123
1777283625342,1,107,123
1777283625375,1,107,123
1777283625409,1,107,123
1777283625442,1,107,123
1777283625475,1,107,123
1777283625509,1,107,123
1777283625544,1,107,123
1777283625576,1,107,123
1777283625609,1,107,123
1777283625644,1,107,123
1777283625676,1,107,123
1777283625709,1,107,123
1777283625744,1,107,123
1777283625776,1,107,123
1777283625809,1,107,123
1777283625844,1,107,123
1777283625866,1,107,123
1777283625896,1,107,123
1777283625928,1,107,123
1777283625960,1,107,123
1777283625992,1,107,123
1777283626027,1,107,123
1777283626061,1,107,123
1777283626092,1,107,123
1777283626127,1,107,123
1777283626161,1,107,123
1777283626192,1,107,123
1777283626227,1,107,123
1777283626261,1,107,123
1777283626292,1,107,123
1777283626327,1,107,123
1777283626361,1,107,123
1777283626392,1,107,123
1777283626427,1,107,123
1777283626461,1,107,123
1777283626492,1,107,123
1777283626527,1,107,123
1777283626559,1,107,123
1777283626592,1,107,123
1777283626627,1,107,123
1777283626661,1,107,123
1777283626692,1,107,123
1777283626727,1,107,123
1777283626762,1,107,123
1777283626792,1,107,123
1777283626827,1,107,123
1777283626861,1,107,123
1777283626892,1,107,123
1777283626927,1,107,123
1777283626961,1,107,123
1777283626992,1,107,123
1777283627027,1,107,123
1777283627061,1,108,123
1777283627092,1,107,123
1777283627127,1,107,123
1777283627161,1,108,123
1777283627192,1,108,123
1777283627227,1,108,123
1777283627261,1,108,123
1777283627292,1,107,123
1777283627327,1,107,123
1777283627361,1,107,123
1777283627392,1,108,123
1777283627427,1,107,123
1777283627461,1,108,123
1777283627492,1,108,123
1777283627527,1,107,123
1777283627561,1,108,123
1777283627592,1,107,123
1777283627627,1,107,123
1777283627661,1,108,123
1777283627692,1,108,123
1777283627727,1,108,123
1777283627761,1,108,123
1777283627792,1,108,123
1777283627827,1,108,123
1777283627861,1,108,123
1777283627892,1,107,123
1777283627927,1,108,123
1777283627961,1,108,123
1777283627992,1,108,123
1777283628027,1,108,123
1777283628061,1,108,123
1777283628092,1,107,123
1777283628127,1,108,123
1777283628159,1,108,123
1777283628192,1,108,123
1777283628227,1,108,123
1777283628261,1,108,123
1777283628292,1,108,123
1777283628327,1,108,123
1777283628361,1,108,123
1777283628392,1,107,122
1777283628427,1,107,122
1777283628461,1,108,123
1777283628492,1,108,123
1777283628527,1,107,122
1777283628561,1,107,122
1777283628592,1,108,123
1777283628627,1,108,123
1777283628662,1,107,122
1777283628692,1,107,122
1777283628727,1,107,122
1777283628761,1,108,123
1777283628792,1,107,122
1777283628827,1,107,122
1777283628861,1,107,122
1777283628892,1,108,123
1777283628927,1,108,123
1777283628962,1,107,122
1777283628992,1,107,122
1777283629027,1,107,122
1777283629061,1,107,122
1777283629092,1,107,122
1777283629127,1,107,122
1777283629161,1,107,122
1777283629192,1,107,122
1777283629227,1,107,122
1777283629261,1,107,121
1777283629292,1,106,120
1777283629327,1,106,120
1777283629361,1,106,118
1777283629392,1,105,116
1777283629427,1,105,115
1777283629461,1,105,114
1777283629492,1,104,111
1777283629527,1,103,109
1777283629560,1,103,107
1777283629593,1,102,104
1777283629627,1,101,101
1777283629661,1,101,98
1777283629692,1,100,93
1777283629727,1,99,92
1777283629761,1,99,88
1777283629792,1,98,83
1777283629827,1,97,81
1777283629861,1,97,77
1777283629892,1,96,72
1777283629927,1,95,70
1777283629961,1,95,66
1777283629992,1,94,61
1777283630027,1,94,60
1777283630061,1,93,56
1777283630092,1,93,52
1777283630127,1,93,50
1777283630161,1,93,48
1777283630192,1,92,44
1777283630228,1,92,43
1777283630260,1,92,40
1777283630292,1,92,40
1777283630327,1,92,38
1777283630361,1,92,37
1777283630392,1,93,36
1777283630427,1,93,36
1777283630461,1,93,35
1777283630492,1,94,35
1777283630527,1,94,35
1777283630561,1,95,36
1777283630592,1,96,36
1777283630627,1,97,37
1777283630663,1,97,37
1777283630700,1,99,39
1777283630732,1,99,40
1777283630765,1,100,41
1777283630796,1,101,42
1777283630828,1,102,43
1777283630859,1,103,44
1777283630892,1,104,45
1777283630927,1,104,46
1777283630959,1,105,47
1777283630988,1,106,48
1777283631027,1,107,50
1777283631061,1,108,51
1777283631092,1,109,52
1777283631132,1,109,52
1777283631165,1,110,54
1777283631196,1,111,55
1777283631228,1,111,55
1777283631260,1,112,56
1777283631292,1,112,56
1777283631327,1,112,56
1777283631361,1,112,57
1777283631392,1,112,57
1777283631427,1,112,57
1777283631459,1,112,58
1777283631492,1,112,58
1777283631527,1,112,58
1777283631561,1,112,58
1777283631592,1,111,57
1777283631627,1,111,57
1777283631660,1,111,57
1777283631692,1,111,56
1777283631727,1,111,56
1777283631761,1,111,55
1777283631792,1,110,55
1777283631827,1,110,54
1777283631860,1,110,54
1777283631893,1,110,54
1777283631927,1,109,53
1777283631959,1,109,53
1777283631993,1,109,53
1777283632027,1,109,52
1777283632060,1,109,52
1777283632093,1,108,52
1777283632127,1,108,52
1777283632160,1,108,53
1777283632192,1,108,53
1777283632227,1,107,53
1777283632262,1,107,53
1777283632292,1,106,54
1777283632327,1,106,54
1777283632361,1,106,54
1777283632392,1,105,55
1777283632427,1,105,55
1777283632461,1,105,56
1777283632492,1,104,57
1777283632527,1,104,57
1777283632561,1,104,58
1777283632592,1,103,59
1777283632627,1,103,60
1777283632659,1,103,61
1777283632692,1,102,61
1777283632727,1,102,62
1777283632762,1,102,63
1777283632792,1,102,65
1777283632827,1,102,65
1777283632865,1,102,66
1777283632900,1,102,67
1777283632928,1,102,68
1777283632960,1,102,69
1777283633000,1,102,69
1777283633028,1,102,71
1777283633060,1,103,72
1777283633092,1,103,72
1777283633127,1,103,73
1777283633161,1,104,74
1777283633192,1,104,75
1777283633227,1,104,75
1777283633261,1,104,76
1777283633292,1,105,76
1777283633327,1,105,77
1777283633361,1,105,77
1777283633392,1,106,78
1777283633427,1,106,78
1777283633461,1,106,79
1777283633492,1,107,79
1777283633527,1,107,79
1777283633561,1,107,79
1777283633592,1,108,80
1777283633627,1,108,80
1777283633661,1,108,80
1777283633692,1,108,80
1777283633727,1,108,80
1777283633761,1,108,80
1777283633792,1,109,81
1777283633827,1,109,81
1777283633861,1,109,81
1777283633892,1,109,81
1777283633927,1,109,81
1777283633961,1,109,81
1777283633992,1,109,81
1777283634027,1,109,81
1777283634061,1,108,81
1777283634092,1,108,81
1777283634127,1,108,81
1777283634161,1,108,81
1777283634192,1,108,81
1777283634228,1,108,81
1777283634260,1,107,81
1777283634292,1,107,81
1777283634327,1,107,82
1777283634361,1,106,82
1777283634392,1,106,83
1777283634427,1,106,83
1777283634461,1,105,83
1777283634492,1,105,85
1777283634527,1,104,85
1777283634561,1,104,86
1777283634592,1,103,87
1777283634627,1,102,87
1777283634661,1,102,88
1777283634692,1,101,90
1777283634727,1,100,90
1777283634761,1,100,91
1777283634792,1,99,93
1777283634827,1,98,93
1777283634861,1,97,94
1777283634892,1,96,96
1777283634927,1,96,97
1777283634961,1,96,98
1777283634992,1,95,100
1777283635027,1,95,101
1777283635061,1,94,102
1777283635092,1,93,104
1777283635127,1,93,104
1777283635161,1,93,106
1777283635194,1,92,108
1777283635228,1,92,109
1777283635260,1,92,110
1777283635292,1,91,111
1777283635327,1,91,112
1777283635362,1,91,114
1777283635392,1,91,115
1777283635427,1,91,116
1777283635461,1,92,117
1777283635492,1,92,119
1777283635527,1,93,120
1777283635561,1,93,121
1777283635592,1,94,122
1777283635627,1,95,123
1777283635661,1,95,124
1777283635692,1,96,125
1777283635727,1,97,126
1777283635760,1,97,127
1777283635792,1,98,128
1777283635827,1,99,129
1777283635861,1,100,130
1777283635892,1,101,131
1777283635927,1,101,131
1777283635961,1,102,132
1777283635992,1,103,133
1777283636027,1,104,134
1777283636061,1,104,134
1777283636092,1,106,135
1777283636127,1,106,135
1777283636161,1,107,135
1777283636192,1,108,136
1777283636227,1,108,136
1777283636261,1,109,136
1777283636292,1,109,136
1777283636327,1,110,136
1777283636361,1,110,136
1777283636392,1,111,136
1777283636427,1,111,136
1777283636461,1,111,136
1777283636492,1,111,135
1777283636527,1,111,135
1777283636561,1,111,135
1777283636592,1,111,134
1777283636627,1,111,134
1777283636661,1,111,134
1777283636692,1,110,133
1777283636727,1,110,133
1777283636761,1,110,133
1777283636792,1,109,132
1777283636827,1,109,132
1777283636861,1,108,131
1777283636892,1,108,131
1777283636927,1,107,130
1777283636961,1,107,130
1777283636992,1,106,129
1777283637027,1,106,129
1777283637061,1,105,128
1777283637092,1,104,128
1777283637127,1,104,127
1777283637161,1,103,127
1777283637192,1,103,126
1777283637227,1,102,126
1777283637261,1,102,126
1777283637296,1,102,126
1777283637328,1,101,125
1777283637360,1,101,125
1777283637392,1,100,125
1777283637427,1,100,125
1777283637461,1,100,125
1777283637492,1,100,125
1777283637527,1,100,125
1777283637561,1,99,125
1777283637592,1,99,125
1777283637627,1,99,125
1777283637661,1,99,125
1777283637692,1,100,126
1777283637727,1,100,126
1777283637762,1,100,126
1777283637793,1,100,126
1777283637827,1,100,126
1777283637859,1,100,126
1777283637892,1,100,126
1777283637927,1,100,126
1777283637961,1,101,127
1777283637992,1,101,127
1777283638027,1,101,127
1777283638061,1,101,127
1777283638092,1,101,127
1777283638127,1,102,127
1777283638161,1,102,127
1777283638192,1,102,127
1777283638227,1,102,127
1777283638261,1,103,128
1777283638292,1,103,127
1777283638327,1,103,127
1777283638361,1,104,128
1777283638392,1,103,127
1777283638427,1,103,127
1777283638465,1,103,127
1777283638496,1,103,127
1777283638528,1,103,127
1777283638560,1,103,127
1777283638592,1,103,127
1777283638627,1,103,127
1777283638661,1,103,126
1777283638692,1,103,126
1777283638727,1,103,126
1777283638760,1,103,126
1777283638792,1,103,126
1777283638827,1,103,125
1777283638862,1,103,125
1777283638892,1,104,125
1777283638927,1,104,125
1777283638961,1,104,125
1777283638992,1,105,125
1777283639027,1,105,124
1777283639061,1,105,124
1777283639092,1,105,124
1777283639127,1,106,124
1777283639161,1,106,124
1777283639192,1,106,124
1777283639227,1,107,124
1777283639261,1,107,124
1777283639292,1,107,123
1777283639327,1,107,123
1777283639361,1,107,123
1777283639392,1,108,123
1777283639427,1,108,123
1777283639461,1,108,123
1777283639492,1,108,123
1777283639527,1,108,123
1777283639561,1,108,123
1777283639592,1,109,123
1777283639627,1,109,123
1777283639661,1,109,123
1777283639692,1,109,123
1777283639727,1,109,123
1777283639761,1,108,123
1777283639792,1,108,123
1777283639827,1,108,123
1777283639861,1,108,123
1777283639892,1,108,123
1777283639927,1,108,122
1777283639961,1,108,122
1777283639992,1,108,122
1777283640027,1,108,122
1777283640062,1,108,122
1777283640092,1,108,122
1777283640128,1,108,122
1777283640160,1,108,122
1777283640192,1,108,122
1777283640227,1,108,122
1777283640261,1,108,122
1777283640292,1,108,121
1777283640327,1,108,121
1777283640361,1,108,121
1777283640392,1,108,121
1777283640427,1,108,121
1777283640461,1,108,121
1777283640492,1,107,120
1777283640527,1,107,120
1777283640561,1,107,119
1777283640592,1,107,119
1777283640627,1,107,119
1777283640661,1,106,118
1777283640692,1,106,118
1777283640728,1,106,118
1777283640759,1,106,117
1777283640792,1,106,117
1777283640827,1,105,116
1777283640860,1,105,116
1777283640892,1,105,116
1777283640927,1,104,115
1777283640961,1,104,115
1777283640992,1,104,114
1777283641027,1,104,114
1777283641061,1,104,113
1777283641092,1,104,113
1777283641127,1,104,113
1777283641161,1,104,112
1777283641192,1,104,112
1777283641227,1,104,112
1777283641261,1,104,111
1777283641292,1,104,111
1777283641327,1,104,110
1777283641361,1,104,110
1777283641392,1,104,109
1777283641427,1,104,109
1777283641461,1,104,109
1777283641492,1,104,109
1777283641527,1,105,109
1777283641561,1,105,109
1777283641592,1,104,108
1777283641627,1,104,108
1777283641659,1,105,108
1777283641692,1,105,108
1777283641727,1,105,108
1777283641761,1,105,108
1777283641792,1,105,108
1777283641827,1,105,108
1777283641861,1,105,109
1777283641892,1,105,109
1777283641927,1,105,109
1777283641961,1,105,109
1777283641992,1,105,109
1777283642027,1,105,109
1777283642061,1,105,109
1777283642092,1,105,109
1777283642127,1,105,109
1777283642161,1,105,109
1777283642192,1,105,109
1777283642227,1,105,109
1777283642261,1,105,109
1777283642292,1,105,109
1777283642327,1,105,109
1777283642361,1,105,109
1777283642392,1,105,109
1777283642427,1,105,109
1777283642459,1,105,109
1777283642493,1,105,109
1777283642527,1,105,109
1777283642561,1,105,109
1777283642592,1,105,109
1777283642627,1,105,109
1777283642661,1,105,109
1777283642692,1,105,109
1777283642727,1,105,109
1777283642761,1,105,109
1777283642792,1,105,109
1777283642827,1,105,108
1777283642861,1,105,108
1777283642892,1,105,108
1777283642927,1,104,108
1777283642962,1,104,108
1777283642992,1,104,108
1777283643027,1,103,108
1777283643059,1,103,107
1777283643092,1,102,107
1777283643127,1,102,107
1777283643161,1,101,107
1777283643192,1,100,106
1777283643227,1,99,106
1777283643261,1,98,106
1777283643292,1,97,105
1777283643327,1,96,105
1777283643360,1,95,104
1777283643392,1,94,104
1777283643427,1,93,104
1777283643461,1,91,103
1777283643492,1,89,102
1777283643527,1,89,102
1777283643561,1,87,101
1777283643592,1,85,100
1777283643627,1,84,100
1777283643661,1,83,100
1777283643692,1,81,99
1777283643727,1,80,99
1777283643761,1,78,98
1777283643792,1,76,97
1777283643827,1,76,97
1777283643861,1,74,97
1777283643892,1,72,96
1777283643927,1,72,96
1777283643961,1,70,95
1777283643992,1,68,95
1777283644027,1,68,95
1777283644060,1,67,95
1777283644093,1,65,95
1777283644127,1,64,95
1777283644161,1,63,95
1777283644192,1,62,96
1777283644227,1,61,96
1777283644261,1,60,96
1777283644292,1,59,97
1777283644327,1,58,98
1777283644361,1,57,98
1777283644392,1,56,99
1777283644427,1,56,100
1777283644461,1,55,101
1777283644492,1,54,103
1777283644527,1,54,103
1777283644561,1,54,104
1777283644592,1,53,106
1777283644627,1,53,107
1777283644661,1,52,108
1777283644692,1,52,110
1777283644727,1,52,111
1777283644761,1,52,113
1777283644792,1,52,115
1777283644827,1,51,116
1777283644861,1,51,117
1777283644892,1,51,120
1777283644927,1,51,120
1777283644961,1,51,122
1777283644992,1,51,124
1777283645027,1,51,125
1777283645061,1,51,126
1777283645092,1,51,128
1777283645127,1,51,129
1777283645161,1,51,131
1777283645192,1,51,132
1777283645227,1,51,133
1777283645266,1,51,134
1777283645296,1,51,136
1777283645328,1,51,137
1777283645361,1,51,138
1777283645392,1,51,139
1777283645427,1,51,140
1777283645461,1,51,141
1777283645492,1,51,142
1777283645527,1,51,143
1777283645561,1,51,144
1777283645592,1,51,145
1777283645627,1,51,145
1777283645661,1,51,146
1777283645692,1,51,147
1777283645727,1,51,148
1777283645761,1,51,148
1777283645792,1,51,149
1777283645827,1,51,149
1777283645861,1,51,150
1777283645892,1,51,151
1777283645927,1,51,151
1777283645961,1,51,152
1777283645992,1,51,153
1777283646027,1,51,153
1777283646061,1,51,154
1777283646092,1,51,155
1777283646127,1,51,155
1777283646161,1,51,156
1777283646192,1,51,157
1777283646227,1,51,157
1777283646260,1,51,158
1777283646292,1,51,159
1777283646327,1,51,159
1777283646361,1,51,160
1777283646392,1,51,162
1777283646427,1,51,162
1777283646461,1,51,163
1777283646492,1,52,164
1777283646527,1,52,165
1777283646560,1,52,166
1777283646592,1,52,167
1777283646627,1,53,167
1777283646659,1,53,168
1777283646693,1,54,169
1777283646727,1,55,170
1777283646760,1,56,171
1777283646792,1,57,172
1777283646827,1,58,173
1777283646859,1,59,174
1777283646892,1,60,174
1777283646927,1,61,175
1777283646961,1,63,176
1777283646992,1,64,178
1777283647027,1,65,178
1777283647061,1,66,179
1777283647092,1,68,180
1777283647127,1,69,181
1777283647161,1,70,182
1777283647192,1,72,183
1777283647227,1,72,184
1777283647261,1,73,185
1777283647292,1,76,186
1777283647327,1,76,187
1777283647362,1,77,188
1777283647392,1,79,189
1777283647427,1,79,190
1777283647462,1,80,191
1777283647492,1,82,192
1777283647527,1,82,193
1777283647562,1,83,193
1777283647592,1,85,194
1777283647627,1,85,195
1777283647661,1,86,196
1777283647693,1,87,197
1777283647727,1,88,197
1777283647761,1,89,198
1777283647792,1,90,199
1777283647827,1,90,199
1777283647861,1,91,200
1777283647892,1,92,201
1777283647927,1,92,201
1777283647962,1,93,202
1777283647992,1,94,203
1777283648028,1,94,203
1777283648060,1,95,204
1777283648092,1,96,204
1777283648127,1,97,204
1777283648161,1,97,205
1777283648192,1,98,205
1777283648227,1,99,206
1777283648261,1,99,206
1777283648292,1,100,206
1777283648327,1,101,207
1777283648360,1,102,207
1777283648392,1,102,207
1777283648427,1,103,208
1777283648460,1,104,208
1777283648492,1,105,208
1777283648527,1,106,208
1777283648559,1,106,209
1777283648592,1,107,209
1777283648627,1,108,209
1777283648661,1,109,209
1777283648692,1,111,209
1777283648727,1,111,209
1777283648761,1,112,210
1777283648792,1,114,210
1777283648827,1,114,210
1777283648860,1,115,210
1777283648892,1,117,210
1777283648927,1,118,210
1777283648961,1,119,210
1777283648992,1,121,210
1777283649027,1,121,210
1777283649061,1,122,210
1777283649092,1,124,210
1777283649127,1,125,210
1777283649161,1,126,209
1777283649192,1,128,209
1777283649227,1,128,209
1777283649261,1,129,209
1777283649292,1,131,208
1777283649327,1,132,208
1777283649361,1,133,208
1777283649392,1,135,207
1777283649427,1,135,207
1777283649461,1,137,206
1777283649492,1,139,206
1777283649527,1,139,205
1777283649561,1,140,205
1777283649592,1,142,204
1777283649627,1,143,204
1777283649661,1,144,203
1777283649692,1,146,203
1777283649727,1,147,202
1777283649761,1,148,202
1777283649792,1,149,201
1777283649827,1,150,201
1777283649861,1,151,201
1777283649892,1,153,200
1777283649927,1,154,200
1777283649961,1,155,199
1777283649992,1,157,199
1777283650027,1,157,199
1777283650060,1,159,198
1777283650092,1,160,198
1777283650127,1,161,198
1777283650161,1,162,197
1777283650192,1,164,197
1777283650227,1,164,196
1777283650262,1,165,196
1777283650292,1,167,196
1777283650327,1,168,196
1777283650360,1,169,195
1777283650392,1,170,195
1777283650427,1,171,194
1777283650461,1,172,194
1777283650492,1,174,193
1777283650527,1,175,193
1777283650561,1,176,193
1777283650592,1,178,192
1777283650627,1,179,192
1777283650660,1,180,191
1777283650692,1,181,191
1777283650732,1,182,190
1777283650765,1,184,189
1777283650796,1,185,188
1777283650828,1,186,188
1777283650860,1,186,187
1777283650892,1,188,187
1777283650927,1,189,186
1777283650961,1,190,185
1777283650992,1,191,183
1777283651027,1,192,183
1777283651061,1,193,182
1777283651092,1,194,180
1777283651127,1,195,180
1777283651159,1,195,179
1777283651192,1,196,178
1777283651227,1,197,177
1777283651261,1,198,176
1777283651292,1,199,174
1777283651327,1,200,173
1777283651361,1,200,172
1777283651392,1,201,170
1777283651427,1,202,170
1777283651461,1,202,168
1777283651492,1,203,166
1777283651527,1,204,166
1777283651560,1,204,164
1777283651592,1,205,163
1777283651627,1,206,162
1777283651661,1,206,159
1777283651692,1,207,158
1777283651727,1,207,158
1777283651760,1,207,156
1777283651792,1,208,155
1777283651827,1,208,154
1777283651861,1,209,153
1777283651892,1,209,151
1777283651927,1,209,150
1777283651960,1,209,149
1777283651992,1,210,148
1777283652027,1,210,147
1777283652059,1,210,146
1777283652092,1,210,145
1777283652127,1,210,143
1777283652159,1,210,142
1777283652192,1,211,142
1777283652227,1,211,141
1777283652261,1,211,139
1777283652292,1,211,138
1777283652329,1,211,138
1777283652360,1,211,136
1777283652392,1,211,136
1777283652427,1,211,135
1777283652459,1,210,134
1777283652492,1,210,133
1777283652527,1,210,132
1777283652560,1,210,132
1777283652592,1,210,131
1777283652627,1,209,130
1777283652661,1,209,130
1777283652692,1,209,129
1777283652727,1,208,128
1777283652762,1,208,128
1777283652792,1,208,127
1777283652827,1,207,126
1777283652859,1,207,126
1777283652892,1,207,125
1777283652927,1,207,124
1777283652961,1,206,124
1777283652992,1,206,123
1777283653027,1,206,122
1777283653061,1,205,122
1777283653092,1,205,121
1777283653127,1,205,121
1777283653161,1,204,120
1777283653192,1,204,119
1777283653227,1,204,119
1777283653261,1,203,118
1777283653292,1,203,117
1777283653327,1,203,116
1777283653361,1,203,116
1777283653392,1,202,114
1777283653427,1,202,114
1777283653461,1,202,113
1777283653492,1,202,112
1777283653527,1,202,112
1777283653561,1,202,111
1777283653592,1,201,109
1777283653627,1,201,109
1777283653661,1,201,108
1777283653692,1,202,107
1777283653727,1,201,106
1777283653765,1,202,105
1777283653796,1,202,104
1777283653832,1,202,103
1777283653865,1,203,102
1777283653896,1,203,101
1777283653928,1,203,99
1777283653960,1,203,99
1777283653992,1,204,98
1777283654027,1,204,97
1777283654061,1,204,95
1777283654092,1,205,94
1777283654127,1,205,93
1777283654161,1,205,92
1777283654192,1,205,90
1777283654227,1,205,89
1777283654262,1,205,88
1777283654292,1,205,86
1777283654327,1,205,86
1777283654361,1,205,84
1777283654392,1,204,82
1777283654427,1,204,82
1777283654461,1,204,80
1777283654492,1,203,78
1777283654527,1,203,78
1777283654561,1,202,76
1777283654592,1,201,74
1777283654627,1,201,74
1777283654661,1,200,72
1777283654692,1,199,70
1777283654727,1,199,70
1777283654761,1,198,69
1777283654792,1,196,66
1777283654827,1,195,66
1777283654859,1,194,65
1777283654892,1,193,64
1777283654927,1,192,63
1777283654961,1,190,62
1777283654992,1,188,60
1777283655027,1,187,60
1777283655061,1,186,59
1777283655092,1,184,58
1777283655127,1,183,58
1777283655160,1,181,57
1777283655192,1,180,57
1777283655227,1,178,56
1777283655261,1,176,55
1777283655292,1,174,54
1777283655327,1,173,54
1777283655361,1,172,54
1777283655392,1,170,54
1777283655427,1,169,53
1777283655461,1,167,53
1777283655492,1,165,52
1777283655527,1,165,52
1777283655561,1,163,52
1777283655592,1,162,52
1777283655627,1,161,51
1777283655662,1,160,51
1777283655692,1,158,51
1777283655728,1,158,51
1777283655759,1,157,51
1777283655792,1,156,51
1777283655827,1,155,50
1777283655859,1,154,50
1777283655892,1,153,50
1777283655927,1,152,50
1777283655961,1,151,50
1777283655992,1,150,50
1777283656027,1,150,49
1777283656061,1,149,49
1777283656092,1,148,49
1777283656127,1,148,49
1777283656161,1,147,49
1777283656192,1,146,49
1777283656227,1,146,49
1777283656261,1,145,49
1777283656292,1,144,48
1777283656327,1,143,48
1777283656361,1,143,48
1777283656392,1,141,48
1777283656427,1,141,48
1777283656461,1,140,48
1777283656492,1,139,48
1777283656527,1,139,48
1777283656559,1,138,47
1777283656592,1,137,47
1777283656627,1,136,47
1777283656662,1,136,47
1777283656692,1,134,46
1777283656727,1,134,47
1777283656760,1,133,46
1777283656792,1,132,46
1777283656827,1,131,46
1777283656861,1,130,46
1777283656892,1,128,46
1777283656927,1,128,46
1777283656961,1,126,45
1777283656992,1,125,45
1777283657027,1,124,45
1777283657061,1,123,45
1777283657092,1,121,45
1777283657127,1,120,45
1777283657161,1,118,45
1777283657192,1,117,44
1777283657227,1,116,44
1777283657259,1,115,44
1777283657292,1,114,44
1777283657327,1,113,44
1777283657361,1,111,44
1777283657392,1,109,44
1777283657427,1,109,44
1777283657461,1,107,44
1777283657492,1,106,44
1777283657527,1,105,44
1777283657561,1,104,44
1777283657592,1,102,44
1777283657627,1,101,44
1777283657661,1,100,45
1777283657692,1,99,46
1777283657727,1,98,46
1777283657761,1,96,46
1777283657792,1,95,47
1777283657827,1,95,47
1777283657861,1,94,48
1777283657892,1,92,49
1777283657927,1,91,49
1777283657960,1,90,50
1777283657992,1,89,51
1777283658027,1,88,51
1777283658061,1,87,52
1777283658092,1,86,54
1777283658127,1,85,54
1777283658161,1,84,55
1777283658192,1,83,57
1777283658227,1,82,57
1777283658261,1,81,58
1777283658292,1,79,59
1777283658327,1,79,60
1777283658361,1,78,61
1777283658392,1,76,62
1777283658427,1,75,63
1777283658461,1,74,64
1777283658492,1,73,66
1777283658527,1,72,66
1777283658561,1,71,67
1777283658592,1,70,69
1777283658627,1,69,70
1777283658661,1,68,71
1777283658692,1,67,72
1777283658727,1,66,73
1777283658761,1,65,74
1777283658792,1,64,76
1777283658827,1,63,76
1777283658861,1,62,77
1777283658892,1,61,79
1777283658927,1,60,80
1777283658961,1,59,81
1777283658992,1,58,82
1777283659027,1,57,83
1777283659061,1,56,84
1777283659092,1,55,85
1777283659127,1,54,86
1777283659161,1,53,87
1777283659192,1,52,89
1777283659227,1,51,89
1777283659259,1,50,90
1777283659292,1,50,91
1777283659327,1,49,92
1777283659359,1,48,93
1777283659392,1,47,94
1777283659427,1,47,95
1777283659461,1,45,97
1777283659492,1,45,98
1777283659527,1,45,98
1777283659561,1,44,99
1777283659592,1,43,100
1777283659627,1,42,101
1777283659661,1,42,101
1777283659692,1,41,102
1777283659727,1,40,103
1777283659760,1,40,103
1777283659792,1,39,104
1777283659827,1,39,105
1777283659861,1,38,106
1777283659892,1,38,107
1777283659927,1,38,107
1777283659961,1,37,108
1777283659992,1,37,109
1777283660028,1,37,109
1777283660060,1,37,110
1777283660092,1,37,111
1777283660127,1,36,112
1777283660161,1,36,113
1777283660192,1,36,114
1777283660227,1,36,115
1777283660261,1,36,116
1777283660292,1,36,117
1777283660328,1,36,117
1777283660360,1,36,118
1777283660392,1,37,119
1777283660427,1,37,121
1777283660461,1,37,122
1777283660492,1,38,123
1777283660527,1,38,124
1777283660561,1,39,125
1777283660592,1,39,127
1777283660627,1,40,127
1777283660661,1,40,129
1777283660692,1,41,130
1777283660728,1,41,131
1777283660775,1,42,133
1777283660809,1,43,134
1777283660844,1,44,135
1777283660876,1,45,137
1777283660909,1,45,138
1777283660944,1,46,139
1777283660976,1,47,141
1777283661009,1,48,141
1777283661044,1,49,142
1777283661076,1,50,144
1777283661109,1,50,145
1777283661144,1,51,146
1777283661176,1,52,148
1777283661209,1,53,148
1777283661244,1,53,149
1777283661276,1,54,151
1777283661309,1,55,151
1777283661344,1,55,152
1777283661376,1,56,153
1777283661409,1,56,154
1777283661444,1,57,155
1777283661476,1,57,157
1777283661509,1,57,157
1777283661544,1,58,158
1777283661576,1,58,159
1777283661609,1,58,160
1777283661644,1,58,161
1777283661676,1,58,162
1777283661709,1,58,163
1777283661744,1,58,163
1777283661776,1,58,165
1777283661809,1,58,165
1777283661844,1,57,167
1777283661876,1,57,168
1777283661909,1,57,168
1777283661942,1,57,169
1777283661975,1,57,171
1777283662009,1,56,172
1777283662044,1,56,173
1777283662076,1,56,174
1777283662109,1,56,175
1777283662144,1,56,176
1777283662176,1,55,178
1777283662209,1,55,178
1777283662242,1,55,180
1777283662275,1,55,181
1777283662309,1,56,182
1777283662342,1,56,183
1777283662375,1,56,184
1777283662409,1,56,185
1777283662443,1,57,186
1777283662476,1,57,188
1777283662509,1,58,188
1777283662544,1,58,190
1777283662576,1,59,191
1777283662609,1,59,192
1777283662644,1,60,193
1777283662676,1,61,194
1777283662709,1,62,194
1777283662744,1,63,195
1777283662776,1,64,196
1777283662809,1,65,197
1777283662843,1,66,197
1777283662876,1,67,198
1777283662909,1,68,198
1777283662944,1,69,199
1777283662976,1,71,199
1777283663009,1,72,199
1777283663044,1,73,200
1777283663078,1,75,200
1777283663109,1,77,200
1777283663144,1,77,200
1777283663176,1,79,200
1777283663209,1,80,200
1777283663243,1,81,199
1777283663276,1,83,199
1777283663309,1,83,199
1777283663344,1,84,198
1777283663376,1,86,198
1777283663409,1,86,198
1777283663444,1,87,197
1777283663476,1,88,196
1777283663509,1,89,196
1777283663544,1,89,195
1777283663576,1,90,194
1777283663609,1,90,194
1777283663644,1,90,193
1777283663676,1,91,192
1777283663709,1,91,192
1777283663744,1,90,192
1777283663776,1,90,191
1777283663809,1,90,191
1777283663844,1,90,190
1777283663876,1,89,190
1777283663909,1,89,189
1777283663944,1,88,189
1777283663976,1,87,189
1777283664009,1,87,189
1777283664043,1,86,189
1777283664076,1,85,189
1777283664109,1,85,188
1777283664144,1,84,188
1777283664176,1,83,188
1777283664209,1,83,188
1777283664244,1,82,188
1777283664276,1,81,188
1777283664309,1,80,188
1777283664349,1,79,189
1777283664380,1,78,189
1777283664412,1,78,189
1777283664444,1,77,189
1777283664476,1,76,189
1777283664509,1,76,189
1777283664544,1,75,189
1777283664576,1,75,189
1777283664609,1,74,189
1777283664644,1,74,189
1777283664676,1,74,189
1777283664709,1,74,189
1777283664744,1,74,189
1777283664776,1,74,189
1777283664809,1,74,189
1777283664842,1,74,189
1777283664875,1,74,189
1777283664909,1,74,189
1777283664944,1,74,189
1777283664977,1,75,188
1777283665009,1,75,188
1777283665044,1,75,188
1777283665076,1,76,188
1777283665109,1,76,188
1777283665144,1,76,188
1777283665176,1,77,189
1777283665209,1,77,189
1777283665242,1,77,189
1777283665275,1,78,189
1777283665309,1,78,189
1777283665344,1,79,189
1777283665376,1,80,190
1777283665409,1,80,190
1777283665444,1,80,190
1777283665476,1,81,190
1777283665509,1,81,190
1777283665544,1,82,190
1777283665576,1,83,190
1777283665609,1,83,190
1777283665644,1,84,190
1777283665676,1,84,190
1777283665709,1,84,190
1777283665744,1,85,190
1777283665776,1,85,190
1777283665809,1,85,190
1777283665844,1,86,190
1777283665876,1,86,190
1777283665909,1,86,190
1777283665944,1,87,190
1777283665976,1,87,189
1777283666009,1,87,189
1777283666044,1,87,189
1777283666076,1,87,189
1777283666109,1,87,189
1777283666144,1,87,189
1777283666176,1,87,189
1777283666209,1,87,189
1777283666244,1,87,189
1777283666276,1,87,188
1777283666309,1,87,189
1777283666344,1,86,189
1777283666376,1,86,189
1777283666409,1,86,189
1777283666444,1,86,189
1777283666476,1,86,189
1777283666509,1,86,189
1777283666542,1,85,189
1777283666575,1,85,189
1777283666609,1,85,189
1777283666642,1,85,188
1777283666675,1,85,188
1777283666709,1,84,188
1777283666744,1,84,188
1777283666776,1,84,188
1777283666809,1,84,188
1777283666844,1,83,188
1777283666875,1,83,188
1777283666909,1,83,187
1777283666944,1,83,187
1777283666976,1,82,187
1777283667009,1,82,187
1777283667043,1,82,186
1777283667076,1,82,186
1777283667109,1,82,186
1777283667142,1,82,185
1777283667175,1,82,185
1777283667209,1,82,185
1777283667244,1,82,184
1777283667276,1,82,184
1777283667309,1,82,184
1777283667344,1,81,184
1777283667376,1,81,184
1777283667409,1,81,183
1777283667444,1,81,183
1777283667476,1,81,183
1777283667509,1,81,183
1777283667542,1,81,183
1777283667575,1,81,183
1777283667609,1,81,183
1777283667644,1,81,183
1777283667676,1,81,183
1777283667709,1,81,183
1777283667744,1,81,183
1777283667776,1,81,183
1777283667809,1,81,183
1777283667844,1,81,183
1777283667876,1,81,183
1777283667909,1,81,183
1777283667944,1,81,184
1777283667976,1,81,184
1777283668009,1,81,184
1777283668044,1,81,184
1777283668076,1,81,184
1777283668109,1,81,184
1777283668144,1,82,184
1777283668176,1,82,184
1777283668209,1,82,184
1777283668244,1,82,184
1777283668276,1,82,184
1777283668309,1,82,184
1777283668344,1,82,184
1777283668376,1,82,183
1777283668409,1,82,183
1777283668444,1,82,183
1777283668476,1,82,184
1777283668509,1,82,184
1777283668544,1,82,183
1777283668576,1,82,183
1777283668610,1,82,183
1777283668644,1,82,184
1777283668676,1,82,184
1777283668709,1,82,184
1777283668744,1,82,184
1777283668776,1,82,183
1777283668809,1,82,183
1777283668842,1,82,183
1777283668875,1,82,183
1777283668909,1,82,184
1777283668944,1,82,184
1777283668976,1,82,183
1777283669009,1,82,183
1777283669049,1,82,183
1777283669080,1,82,183
1777283669112,1,82,183
1777283669144,1,82,183
1777283669176,1,82,183
1777283669209,1,82,183
1777283669244,1,82,183
1777283669276,1,82,184
1777283669309,1,82,184
1777283669344,1,82,183
1777283669376,1,82,183
1777283669409,1,82,183
1777283669444,1,82,183
1777283669476,1,82,183
1777283669509,1,82,183
1777283669544,1,82,183
1777283669576,1,82,184
1777283669609,1,82,184
1777283669644,1,82,183
1777283669676,1,82,183
1777283669709,1,82,183
1777283669744,1,82,183
1777283669776,1,82,183
1777283669809,1,82,183
1777283669842,1,82,183
1777283669875,1,82,183
1777283669909,1,82,183
1777283669944,1,82,183
1777283669976,1,82,183
1777283670009,1,82,183
1777283670042,1,82,183
1777283670075,1,82,183
1777283670109,1,82,183
1777283670144,1,82,183
1777283670176,1,82,183
1777283670209,1,82,183
1777283670244,1,82,183
1777283670276,1,82,183
1777283670309,1,82,183
1777283670344,1,82,183
1777283670376,1,82,183
1777283670409,1,82,183
1777283670443,1,82,183
1777283670475,1,82,183
1777283670509,1,82,183
1777283670544,1,82,183
1777283670576,1,82,183
1777283670609,1,82,183
1777283670644,1,82,183
1777283670676,1,82,183
1777283670709,1,82,183
1777283670744,1,82,183
1777283670780,1,82,183
1777283670812,1,82,183
1777283670844,1,82,183
1777283670876,1,82,183
1777283670909,1,82,183
1777283670942,1,82,183
1777283670978,1,82,183
1777283671009,1,82,183
1777283671044,1,82,183
1777283671076,1,82,183
1777283671109,1,82,183
1777283671144,1,82,183
1777283671176,1,82,183
1777283671209,1,82,183
1777283671243,1,82,183
1777283671276,1,82,183
1777283671309,1,82,183
1777283671342,1,82,183
1777283671378,1,82,183
1777283671409,1,82,183
1777283671442,1,82,183
1777283671476,1,82,183
1777283671509,1,82,183
1777283671544,1,82,183
1777283671576,1,82,183
1777283671609,1,82,183
1777283671644,1,82,183
1777283671676,1,82,183
1777283671709,1,82,183
1777283671744,1,82,183
1777283671776,1,82,183
1777283671809,1,82,183
1777283671844,1,82,183
1777283671876,1,82,183
1777283671909,1,82,183
1777283671944,1,82,183
1777283671976,1,82,183
1777283672009,1,82,183
1777283672043,1,82,183
1777283672076,1,82,183
1777283672109,1,82,183
1777283672144,1,82,183
1777283672166,1,82,183
1777283672200,1,82,183
1777283672228,1,82,183
1777283672260,1,82,183
1777283672292,1,82,183
1777283672327,1,82,183
1777283672360,1,82,183
1777283672392,1,82,183
1777283672427,1,82,183
1777283672460,1,82,183
1777283672492,1,82,183
1777283672527,1,82,183
1777283672560,1,82,183
1777283672592,1,82,183
1777283672627,1,82,183
1777283672660,1,82,183
1777283672693,1,82,183
1777283672727,1,82,183
1777283672760,1,82,183
1777283672792,1,82,183
1777283672827,1,82,183
1777283672860,1,82,183
1777283672892,1,82,183
1777283672927,1,82,183
1777283672960,1,82,183
1777283672992,1,82,183
1777283673027,1,82,183
1777283673049,1,82,183
1777283673080,1,82,183
1777283673112,1,82,183
1777283673144,1,82,183
1777283673176,1,82,183
1777283673209,1,82,183
1777283673242,1,82,183
1777283673278,1,82,183
1777283673309,1,82,183
1777283673342,1,82,183
1777283673378,1,82,183
1777283673409,1,82,183
1777283673442,1,82,183
1777283673478,1,82,183
1777283673509,1,82,183
1777283673542,1,82,183
1777283673578,1,82,183
1777283673609,1,82,183
1777283673642,1,82,183
1777283673678,1,82,183
1777283673709,1,82,183
1777283673742,1,82,183
1777283673778,1,82,183
1777283673809,1,82,183
1777283673842,1,82,183
1777283673878,1,82,183
1777283673909,1,82,183
1777283673943,1,82,183
1777283673976,1,82,183
1777283674009,1,82,183
1777283674044,1,82,183
1777283674076,1,82,183
1777283674109,1,82,183
1777283674142,1,82,183
1777283674178,1,82,183
1777283674209,1,82,183
1777283674244,1,82,183
1777283674276,1,82,183
1777283674309,1,82,183
1777283674344,1,82,183
1777283674376,1,82,183
1777283674409,1,82,183
1777283674444,1,82,183
1777283674476,1,82,183
1777283674509,1,82,183
1777283674543,1,82,183
1777283674576,1,82,183
1777283674609,1,82,183
1777283674642,1,82,183
1777283674678,1,82,183
1777283674709,1,82,183
1777283674744,1,82,183
1777283674776,1,82,183
1777283674812,1,82,183
1777283674844,1,82,183
1777283674876,1,82,183
1777283674909,1,82,183
1777283674944,1,82,183
1777283674976,1,82,183
1777283675009,1,82,183
1777283675044,1,82,183
1777283675080,1,82,183
1777283675112,1,82,183
1777283675149,1,82,183
1777283675180,1,82,183
1777283675211,1,82,183
1777283675244,1,83,182
1777283675276,1,83,182
1777283675309,1,83,182
1777283675344,1,84,182
1777283675376,1,85,181
1777283675409,1,85,181
1777283675444,1,85,181
1777283675476,1,86,180
1777283675509,1,86,179
1777283675544,1,87,179
1777283675576,1,88,178
1777283675609,1,88,177
1777283675644,1,89,176
1777283675676,1,90,175
1777283675709,1,90,175
1777283675744,1,91,174
1777283675776,1,92,173
1777283675809,1,93,172
1777283675842,1,94,171
1777283675878,1,94,171
1777283675909,1,96,170
1777283675943,1,97,169
1777283675976,1,98,168
1777283676009,1,99,168
1777283676042,1,99,168
1777283676078,1,101,168
1777283676109,1,102,167
1777283676144,1,103,167
1777283676176,1,104,167
1777283676209,1,105,167
1777283676244,1,106,168
1777283676276,1,107,168
1777283676312,1,108,168
1777283676343,1,109,169
1777283676376,1,110,169
1777283676409,1,110,170
1777283676444,1,111,171
1777283676476,1,113,172
1777283676509,1,113,172
1777283676543,1,114,173
1777283676576,1,115,174
1777283676609,1,115,175
1777283676644,1,116,175
1777283676676,1,117,177
1777283676709,1,117,178
1777283676743,1,118,179
1777283676776,1,119,180
1777283676809,1,119,181
1777283676844,1,120,182
1777283676876,1,121,183
1777283676909,1,121,184
1777283676943,1,122,185
1777283676978,1,124,187
1777283677009,1,124,188
1777283677042,1,125,188
1777283677078,1,126,189
1777283677109,1,127,191
1777283677144,1,127,191
1777283677176,1,129,193
1777283677209,1,129,193
1777283677244,1,130,194
1777283677276,1,131,195
1777283677309,1,132,196
1777283677342,1,133,196
1777283677378,1,134,197
1777283677409,1,136,198
1777283677444,1,136,198
1777283677476,1,138,199
1777283677509,1,139,199
1777283677543,1,140,199
1777283677578,1,142,200
1777283677609,1,143,200
1777283677644,1,144,200
1777283677676,1,146,200
1777283677709,1,147,200
1777283677743,1,148,199
1777283677776,1,151,199
1777283677809,1,151,199
1777283677842,1,153,199
1777283677878,1,154,198
1777283677909,1,157,197
1777283677944,1,157,197
1777283677976,1,160,196
1777283678009,1,160,195
1777283678044,1,162,195
1777283678076,1,164,193
1777283678109,1,165,193
1777283678144,1,167,192
1777283678176,1,169,190
1777283678209,1,170,190
1777283678244,1,171,189
1777283678276,1,173,187
1777283678309,1,174,186
1777283678343,1,176,185
1777283678376,1,178,183
1777283678409,1,179,183
1777283678444,1,180,181
1777283678476,1,182,179
1777283678509,1,183,179
1777283678544,1,184,177
1777283678576,1,186,175
1777283678609,1,187,175
1777283678642,1,189,174
1777283678678,1,190,172
1777283678709,1,192,170
1777283678743,1,193,170
1777283678776,1,195,168
1777283678809,1,195,167
1777283678844,1,197,166
1777283678876,1,198,164
1777283678909,1,199,163
1777283678943,1,201,162
1777283678976,1,202,161
1777283679009,1,202,160
1777283679044,1,203,159
1777283679076,1,205,157
1777283679109,1,205,157
1777283679143,1,206,156
1777283679176,1,207,154
1777283679209,1,208,154
1777283679244,1,209,153
1777283679276,1,209,151
1777283679309,1,210,151
1777283679343,1,210,149
1777283679378,1,211,148
1777283679409,1,211,147
1777283679442,1,211,146
1777283679478,1,212,145
1777283679509,1,212,144
1777283679542,1,212,143
1777283679578,1,212,142
1777283679609,1,212,140
1777283679642,1,212,140
1777283679678,1,212,138
1777283679709,1,212,137
1777283679744,1,212,136
1777283679776,1,212,135
1777283679810,1,212,134
1777283679844,1,212,133
1777283679876,1,211,131
1777283679909,1,211,131
1777283679932,1,211,130
1777283679965,1,211,129
1777283680000,1,210,128
1777283680028,1,210,127
1777283680060,1,209,126
1777283680092,1,209,125
1777283680127,1,209,124
1777283680159,1,208,123
1777283680192,1,208,122
1777283680227,1,208,122
1777283680260,1,207,120
1777283680292,1,207,120
1777283680327,1,207,118
1777283680360,1,207,117
1777283680392,1,207,116
1777283680427,1,207,115
1777283680460,1,207,114
1777283680492,1,207,113
1777283680527,1,207,112
1777283680560,1,207,111
1777283680592,1,207,110
1777283680627,1,207,109
1777283680660,1,207,108
1777283680692,1,206,107
1777283680727,1,206,106
1777283680759,1,206,105
1777283680792,1,206,104
1777283680827,1,206,103
1777283680860,1,206,101
1777283680892,1,206,100
1777283680927,1,205,99
1777283680960,1,205,97
1777283680992,1,205,97
1777283681027,1,205,96
1777283681060,1,205,95
1777283681092,1,204,93
1777283681127,1,203,92
1777283681160,1,202,91
1777283681192,1,202,90
1777283681227,1,201,89
1777283681260,1,200,87
1777283681292,1,200,86
1777283681327,1,200,86
1777283681361,1,199,85
1777283681392,1,198,83
1777283681427,1,198,82
1777283681461,1,197,81
1777283681492,1,196,79
1777283681527,1,196,79
1777283681561,1,195,78
1777283681592,1,194,76
1777283681627,1,193,75
1777283681660,1,192,74
1777283681692,1,192,73
1777283681727,1,191,72
1777283681761,1,190,71
1777283681792,1,189,69
1777283681827,1,189,69
1777283681861,1,188,68
1777283681892,1,186,66
1777283681927,1,186,65
1777283681961,1,185,64
1777283681992,1,184,63
1777283682027,1,183,62
1777283682061,1,183,61
1777283682092,1,182,60
1777283682129,1,181,59
1777283682160,1,180,57
1777283682192,1,180,57
1777283682227,1,179,56
1777283682261,1,178,55
1777283682292,1,176,54
1777283682327,1,176,54
1777283682361,1,175,53
1777283682392,1,173,52
1777283682427,1,173,52
1777283682465,1,172,52
1777283682496,1,170,51
1777283682528,1,169,50
1777283682560,1,169,50
1777283682592,1,167,50
1777283682627,1,166,50
1777283682659,1,165,49
1777283682692,1,164,49
1777283682727,1,163,49
1777283682761,1,162,49
1777283682792,1,160,49
1777283682827,1,159,49
1777283682861,1,158,49
1777283682892,1,156,49
1777283682927,1,156,50
1777283682961,1,155,50
1777283682992,1,153,50
1777283683027,1,152,50
1777283683061,1,151,50
1777283683092,1,150,51
1777283683127,1,149,51
1777283683161,1,148,51
1777283683192,1,146,52
1777283683227,1,146,52
1777283683261,1,145,53
1777283683292,1,143,53
1777283683327,1,143,53
1777283683361,1,142,54
1777283683392,1,140,54
1777283683427,1,140,54
1777283683459,1,139,54
1777283683493,1,138,55
1777283683527,1,137,55
1777283683561,1,136,55
1777283683592,1,134,55
1777283683627,1,134,55
1777283683661,1,133,55
1777283683692,1,131,54
1777283683727,1,130,54
1777283683761,1,129,54
1777283683792,1,128,53
1777283683827,1,127,53
1777283683861,1,126,52
1777283683892,1,125,52
1777283683927,1,124,51
1777283683961,1,123,51
1777283683992,1,121,50
1777283684027,1,121,50
1777283684061,1,120,49
1777283684092,1,118,48
1777283684127,1,117,48
1777283684161,1,116,47
1777283684192,1,115,47
1777283684227,1,114,46
1777283684261,1,113,46
1777283684292,1,111,45
1777283684327,1,111,45
1777283684361,1,110,45
1777283684392,1,108,44
1777283684427,1,108,44
1777283684461,1,107,44
1777283684492,1,105,44
1777283684527,1,105,44
1777283684561,1,104,44
1777283684592,1,102,44
1777283684627,1,102,44
1777283684661,1,100,44
1777283684692,1,99,45
1777283684727,1,99,45
1777283684761,1,97,45
1777283684792,1,96,46
1777283684827,1,95,46
1777283684861,1,94,47
1777283684892,1,93,48
1777283684927,1,92,48
1777283684961,1,91,49
1777283684992,1,89,50
1777283685027,1,89,51
1777283685061,1,88,52
1777283685092,1,86,54
1777283685127,1,85,54
1777283685161,1,84,55
1777283685192,1,83,57
1777283685227,1,82,58
1777283685265,1,81,59
1777283685296,1,79,61
1777283685328,1,78,62
1777283685359,1,77,63
1777283685392,1,76,64
1777283685427,1,74,66
1777283685460,1,73,67
1777283685492,1,72,68
1777283685527,1,71,69
1777283685561,1,69,71
1777283685592,1,68,73
1777283685627,1,67,73
1777283685661,1,66,74
1777283685692,1,64,76
1777283685727,1,63,77
1777283685761,1,62,78
1777283685792,1,61,80
1777283685827,1,60,80
1777283685860,1,59,81
1777283685892,1,58,83
1777283685927,1,57,84
1777283685960,1,55,85
1777283685992,1,54,86
1777283686027,1,53,87
1777283686061,1,52,87
1777283686092,1,51,89
1777283686127,1,50,89
1777283686161,1,49,90
1777283686192,1,48,92
1777283686227,1,48,92
1777283686261,1,47,93
1777283686292,1,46,94
1777283686327,1,45,95
1777283686361,1,45,96
1777283686392,1,44,97
1777283686427,1,44,97
1777283686461,1,43,98
1777283686492,1,42,100
1777283686527,1,42,100
1777283686561,1,42,101
1777283686592,1,41,102
1777283686627,1,41,103
1777283686661,1,41,103
1777283686692,1,41,105
1777283686727,1,41,105
1777283686760,1,41,106
1777283686792,1,42,107
1777283686827,1,42,108
1777283686861,1,42,109
1777283686892,1,42,110
1777283686927,1,43,111
1777283686961,1,43,112
1777283686992,1,43,113
1777283687027,1,43,114
1777283687061,1,44,115
1777283687092,1,44,116
1777283687127,1,44,117
1777283687161,1,45,118
1777283687192,1,45,120
1777283687227,1,45,120
1777283687261,1,45,121
1777283687292,1,46,123
1777283687327,1,46,123
1777283687361,1,46,124
1777283687392,1,47,126
1777283687427,1,47,126
1777283687461,1,47,128
1777283687492,1,47,129
1777283687527,1,47,130
1777283687561,1,47,131
1777283687592,1,47,133
1777283687627,1,47,133
1777283687661,1,47,134
1777283687692,1,47,136
1777283687727,1,47,136
1777283687761,1,47,137
1777283687792,1,46,139
1777283687827,1,46,140
1777283687861,1,46,141
1777283687892,1,46,142
1777283687927,1,46,143
1777283687961,1,45,144
1777283687992,1,44,145
1777283688027,1,44,146
1777283688061,1,43,147
1777283688092,1,43,148
1777283688127,1,42,149
1777283688161,1,42,150
1777283688192,1,41,151
1777283688227,1,41,152
1777283688261,1,41,153
1777283688292,1,40,154
1777283688327,1,40,155
1777283688361,1,40,156
1777283688392,1,40,157
1777283688427,1,40,158
1777283688461,1,40,159
1777283688492,1,40,160
1777283688527,1,40,161
1777283688561,1,40,162
1777283688592,1,41,163
1777283688627,1,41,164
1777283688661,1,41,165
1777283688692,1,42,166
1777283688727,1,42,167
1777283688749,1,43,168
1777283688783,1,44,169
1777283688816,1,45,170
1777283688844,1,46,171
1777283688876,1,47,172
1777283688909,1,47,172
1777283688942,1,49,174
1777283688975,1,50,174
1777283689009,1,51,175
1777283689044,1,52,176
1777283689076,1,54,178
1777283689109,1,55,178
1777283689144,1,56,179
1777283689176,1,58,181
1777283689209,1,59,181
1777283689243,1,60,182
1777283689276,1,63,184
1777283689309,1,63,184
1777283689344,1,65,185
1777283689376,1,67,186
1777283689409,1,68,187
1777283689443,1,69,188
1777283689476,1,71,189
1777283689509,1,72,189
1777283689544,1,73,190
1777283689576,1,75,191
1777283689609,1,76,192
1777283689644,1,77,193
1777283689676,1,79,194
1777283689709,1,79,194
1777283689744,1,80,195
1777283689776,1,81,196
1777283689809,1,82,196
1777283689844,1,83,197
1777283689876,1,84,198
1777283689909,1,85,198
1777283689944,1,85,199
1777283689976,1,86,200
1777283690009,1,86,200
1777283690044,1,87,201
1777283690076,1,88,201
1777283690109,1,88,202
1777283690144,1,89,202
1777283690176,1,90,203
1777283690209,1,90,203
1777283690243,1,90,204
1777283690276,1,91,204
1777283690309,1,92,204
1777283690344,1,92,205
1777283690376,1,93,205
1777283690409,1,94,205
1777283690443,1,94,206
1777283690476,1,95,206
1777283690509,1,96,206
1777283690542,1,96,206
1777283690578,1,97,206
1777283690609,1,98,207
1777283690644,1,98,207
1777283690676,1,99,207
1777283690709,1,100,207
1777283690744,1,100,208
1777283690776,1,101,209
1777283690809,1,102,209
1777283690844,1,103,209
1777283690876,1,104,210
1777283690909,1,104,210
1777283690944,1,105,210
1777283690976,1,106,211
1777283691009,1,107,211
1777283691042,1,108,211
1777283691078,1,109,211
1777283691109,1,110,211
1777283691142,1,111,211
1777283691178,1,112,211
1777283691209,1,114,211
1777283691243,1,114,211
1777283691276,1,116,211
1777283691309,1,117,211
1777283691345,1,118,211
1777283691376,1,119,211
1777283691409,1,120,211
1777283691444,1,121,211
1777283691476,1,123,210
1777283691509,1,124,210
1777283691544,1,125,210
1777283691576,1,127,210
1777283691610,1,128,210
1777283691643,1,129,209
1777283691676,1,131,209
1777283691709,1,131,209
1777283691744,1,133,209
1777283691776,1,135,208
1777283691809,1,135,208
1777283691844,1,137,208
1777283691876,1,139,207
1777283691909,1,139,207
